{"icon":{"mimeType":"image/svg+xml","fileName":"product.svg"},"updateDate":"2018-09-17T12:18:59.8764673Z","installDate":"2018-09-17T12:18:59.8785622Z","enginePath":"C:\\Program Files (x86)\\Microsoft Visual Studio\\Installer\\resources\\app\\ServiceHub\\Services\\Microsoft.VisualStudio.Setup.Service","installationName":"VisualStudio/15.8.4+28010.2026","catalogInfo":{"id":"VisualStudio/15.8.4+28010.2026","buildBranch":"d15.8","buildVersion":"15.8.28010.2026","localBuild":"build-lab","manifestName":"VisualStudio","manifestType":"installer","productDisplayVersion":"15.8.4","productLine":"Dev15","productLineVersion":"2017","productMilestone":"RTW","productMilestoneIsPreRelease":"False","productName":"Visual Studio","productPatchVersion":"4","productPreReleaseMilestoneSuffix":"1.0","productRelease":"RTW","productSemanticVersion":"15.8.4+28010.2026","requiredEngineVersion":"1.17.1230.42073"},"installationPath":"C:\\Program Files (x86)\\Microsoft Visual Studio\\2017\\Community","launchParams":{"fileName":"Common7\\IDE\\devenv.exe"},"installationVersion":"15.8.28010.2026","channelId":"VisualStudio.15.Release","channelUri":"https://aka.ms/vs/15/release/channel","seed":{"languages":["de-DE"]},"localizedResources":[{"language":"en-us","title":"Visual Studio Community 2017","description":"Free, fully-featured IDE for students, open-source and individual developers","license":"https://go.microsoft.com/fwlink/?LinkId=831111"},{"language":"zh-cn","title":"Visual Studio Community 2017","description":"适用于学生、开放源代码和个体开发人员的免费、全功能型 IDE","license":"https://go.microsoft.com/fwlink/?LinkId=831111"},{"language":"zh-tw","title":"Visual Studio Community 2017","description":"功能齊備的 IDE，可供學生、開放原始碼開發人員與個人開發人員免費使用","license":"https://go.microsoft.com/fwlink/?LinkId=831111"},{"language":"cs-cz","title":"Visual Studio Community 2017","description":"Bezplatné IDE se všemi funkcemi pro studenty, open source a samostatné vývojáře","license":"https://go.microsoft.com/fwlink/?LinkId=831111"},{"language":"de-de","title":"Visual Studio Community 2017","description":"Kostenlose, voll funktionsfähige IDE für Studenten, Open Source- und einzelne Entwickler.","license":"https://go.microsoft.com/fwlink/?LinkId=831111"},{"language":"es-es","title":"Visual Studio Community 2017","description":"IDE gratuito y rico en contenido para estudiantes y desarrolladores individuales y de código abierto","license":"https://go.microsoft.com/fwlink/?LinkId=831111"},{"language":"fr-fr","title":"Visual Studio Community 2017","description":"Interface IDE gratuite et riche en fonctionnalités pour les étudiants et les développeurs open source et individuels","license":"https://go.microsoft.com/fwlink/?LinkId=831111"},{"language":"it-it","title":"Visual Studio Community 2017","description":"IDE completo e gratuito per studenti, sviluppatori singoli e open source","license":"https://go.microsoft.com/fwlink/?LinkId=831111"},{"language":"ja-jp","title":"Visual Studio Community 2017","description":"学生、オープン ソース、および個々の開発者のための無料で完全な機能を備えた IDE","license":"https://go.microsoft.com/fwlink/?LinkId=831111"},{"language":"ko-kr","title":"Visual Studio Community 2017","description":"학생, 오픈 소스 및 개인 개발자를 위한 모든 기능을 갖춘 무료 IDE","license":"https://go.microsoft.com/fwlink/?LinkId=831111"},{"language":"pl-pl","title":"Visual Studio Community 2017","description":"Bezpłatne, w pełni funkcjonalne środowisko IDE dla studentów oraz programistów indywidualnych i tworzących rozwiązania open source","license":"https://go.microsoft.com/fwlink/?LinkId=831111"},{"language":"pt-br","title":"Visual Studio Community 2017","description":"IDE gratuita e completa para estudantes, desenvolvedores individuais e de software livre","license":"https://go.microsoft.com/fwlink/?LinkId=831111"},{"language":"ru-ru","title":"Visual Studio Community 2017","description":"Бесплатная полнофункциональная интегрированная среда разработки для учащихся, разработчиков решений с открытым кодом и индивидуальных разработчиков","license":"https://go.microsoft.com/fwlink/?LinkId=831111"},{"language":"tr-tr","title":"Visual Studio Community 2017","description":"Öğrenciler, açık kaynak ve bireysel geliştiriciler için ücretsiz, tam özellikli IDE","license":"https://go.microsoft.com/fwlink/?LinkId=831111"}],"channelResources":[{"language":"en-us","title":"Release","description":"Release","channelSuffix":""},{"language":"zh-cn","title":"Release","description":"Release","channelSuffix":""},{"language":"zh-tw","title":"Release","description":"Release","channelSuffix":""},{"language":"cs-cz","title":"Release","description":"Release","channelSuffix":""},{"language":"de-de","title":"Release","description":"Release","channelSuffix":""},{"language":"es-es","title":"Release","description":"Release","channelSuffix":""},{"language":"fr-fr","title":"Release","description":"Release","channelSuffix":""},{"language":"it-it","title":"Release","description":"Release","channelSuffix":""},{"language":"ja-jp","title":"Release","description":"Release","channelSuffix":""},{"language":"ko-kr","title":"Release","description":"Release","channelSuffix":""},{"language":"pl-pl","title":"Release","description":"Release","channelSuffix":""},{"language":"pt-br","title":"Release","description":"Release","channelSuffix":""},{"language":"ru-ru","title":"Release","description":"Release","channelSuffix":""},{"language":"tr-tr","title":"Release","description":"Release","channelSuffix":""}],"product":{"id":"Microsoft.VisualStudio.Product.Community","version":"15.8.28010.2026","type":"Product","installed":true},"properties":{"campaignId":"1152698285.1536668558","setupEngineFilePath":"C:\\Program Files (x86)\\Microsoft Visual Studio\\Installer\\vs_installershell.exe","nickname":"","channelManifestId":"VisualStudio.15.Release/15.8.4+28010.2026"},"selectedPackages":[{"id":"Microsoft.VisualStudio.Component.CoreEditor","version":"15.8.27729.1","type":"Component","selectedState":"GroupSelected"},{"id":"Microsoft.VisualStudio.Workload.CoreEditor","version":"15.0.27205.0","type":"Workload","selectedState":"IndividuallySelected"},{"id":"Microsoft.VisualStudio.Product.Community","version":"15.8.28010.2026","type":"Product","selectedState":"IndividuallySelected"}],"releaseNotes":"https://go.microsoft.com/fwlink/?LinkId=660692#15.8.4","thirdPartyNotices":"https://go.microsoft.com/fwlink/?LinkId=660708"}